State : ARG    : COND   : GLOBVARS : INSTRUC : LOCVARS : BODY   : BINOP  : PROG   : PROGPRIME : COMMAND : EPILOG : SIMPLE : UNOP   : CONST  : OP     : FUNCTIONS : VTYP   : HEADER : VNAME  : SUBFUNCS : PROLOG : BRANCH : COMPOSIT : ALGO   : ASSIGN : FNAME  : TERM   : ATOMIC : DECL   : <input : eq     : main   : not    : T_Token : mul    : print  : ;      : V_Token : sub    : if     : else   : N_Token : end    : {      : grt    : or     : div    : sqrt   : and    : =      : F_Token : $      : void   : return : (      : ,      : begin  : add    : )      : num    : }      : then   : halt   : text   : skip  
S162 : error  : error  : error    : error   : error   : error  : error  : error  : error     : error   : error  : error  : error  : error  : error  : error     : error  : error  : error  : error    : error  : error  : error    : error  : error  : error  : error  : error  : error  : error  : error  : error  : error  : error   : error  : error  : R28    : error   : error  : error  : error  : error   : error  : error  : error  : error  : error  : error  : error  : error  : error   : error  : error  : error  : error  : error  : error  : error  : error  : error  : error  : error  : error  : error  : error 
S161 : error  : error  : error    : error   : error   : error  : error  : error  : error     : error   : error  : error  : error  : error  : error  : error     : error  : error  : error  : error    : error  : error  : error    : error  : error  : error  : error  : error  : error  : error  : error  : error  : error  : error   : error  : error  : error  : error   : error  : error  : error  : error   : error  : error  : error  : error  : error  : error  : error  : error  : error   : error  : error  : error  : error  : error  : R60    : error  : error  : error  : error  : error  : error  : error  : error 
S160 : error  : error  : G113     : error   : error   : error  : error  : error  : error     : error   : error  : error  : error  : error  : error  : error     : G65    : error  : error  : error    : error  : error  : error    : error  : error  : error  : error  : error  : error  : error  : error  : error  : error  : error   : error  : error  : error  : error   : error  : error  : error  : error   : error  : error  : error  : error  : error  : error  : error  : error  : error   : error  : error  : error  : error  : error  : R60    : error  : error  : S55    : error  : error  : error  : S28    : error 
S159 : error  : error  : error    : error   : error   : error  : error  : error  : error     : error   : error  : error  : error  : error  : error  : error     : error  : error  : error  : error    : error  : error  : error    : error  : error  : error  : error  : error  : error  : error  : error  : error  : error  : error   : error  : error  : error  : error   : error  : error  : error  : error   : error  : error  : error  : error  : error  : error  : error  : error  : error   : error  : error  : error  : error  : error  : error  : error  : S162   : error  : error  : error  : error  : error  : error 
S158 : error  : error  : error    : error   : error   : error  : error  : error  : error     : error   : error  : error  : error  : error  : error  : error     : error  : error  : error  : error    : error  : error  : error    : error  : error  : error  : error  : error  : error  : error  : error  : error  : error  : error   : error  : error  : error  : error   : error  : error  : error  : error   : error  : R55    : error  : error  : error  : error  : error  : error  : error   : error  : error  : error  : error  : error  : error  : error  : error  : error  : error  : error  : error  : error  : error 
S157 : error  : error  : error    : error   : error   : error  : error  : error  : error     : error   : error  : error  : error  : error  : error  : error     : error  : error  : error  : error    : error  : error  : error    : error  : error  : error  : error  : error  : error  : error  : error  : error  : error  : error   : error  : error  : error  : error   : error  : error  : error  : error   : error  : error  : error  : error  : error  : error  : error  : error  : error   : error  : error  : error  : error  : S161   : error  : error  : error  : error  : error  : error  : error  : error  : error 
S156 : error  : error  : error    : error   : error   : error  : error  : error  : error     : error   : error  : error  : error  : error  : error  : error     : error  : error  : error  : error    : error  : error  : error    : error  : error  : error  : error  : error  : error  : error  : error  : error  : error  : error   : error  : error  : error  : error   : error  : error  : error  : error   : error  : R54    : error  : error  : error  : error  : error  : error  : error   : error  : error  : error  : error  : error  : error  : error  : error  : error  : error  : error  : error  : error  : error 
S155 : error  : error  : error    : error   : error   : error  : error  : error  : error     : error   : error  : error  : error  : error  : error  : error     : error  : error  : error  : error    : error  : error  : error    : error  : error  : error  : error  : error  : error  : error  : error  : error  : error  : error   : error  : error  : error  : error   : error  : error  : error  : error   : error  : error  : error  : error  : error  : error  : error  : error  : error   : error  : error  : error  : error  : S160   : error  : error  : error  : error  : error  : error  : error  : error  : error 
S154 : error  : error  : error    : error   : error   : error  : error  : error  : error     : error   : error  : error  : error  : G34    : error  : error     : error  : error  : G51    : error    : error  : error  : error    : error  : error  : error  : error  : G159   : error  : error  : error  : error  : error  : S24     : error  : error  : error  : S36     : error  : error  : error  : S40     : error  : error  : error  : error  : error  : error  : error  : error  : error   : error  : error  : error  : error  : error  : error  : error  : error  : error  : error  : error  : error  : error  : error 
S153 : error  : error  : error    : error   : error   : error  : error  : error  : error     : error   : error  : error  : error  : error  : error  : error     : error  : error  : error  : error    : error  : error  : error    : error  : error  : error  : error  : error  : error  : error  : error  : error  : error  : error   : error  : error  : R19    : error   : error  : error  : error  : error   : error  : error  : error  : error  : error  : error  : error  : error  : error   : error  : error  : error  : error  : error  : error  : error  : error  : error  : error  : error  : error  : error  : error 
S152 : error  : error  : error    : error   : error   : error  : error  : error  : error     : error   : error  : error  : error  : error  : error  : error     : error  : error  : error  : error    : error  : error  : error    : error  : error  : error  : error  : error  : error  : error  : error  : error  : error  : error   : error  : error  : error  : error   : error  : error  : error  : error   : error  : error  : error  : error  : error  : error  : error  : error  : error   : error  : error  : error  : error  : error  : error  : error  : S158   : error  : error  : error  : error  : error  : error 
S151 : error  : error  : error    : error   : error   : error  : error  : error  : error     : error   : error  : error  : error  : error  : error  : error     : error  : error  : G157   : error    : error  : error  : error    : error  : error  : error  : error  : error  : error  : error  : error  : error  : error  : error   : error  : error  : error  : S36     : error  : error  : error  : error   : error  : error  : error  : error  : error  : error  : error  : error  : error   : error  : error  : error  : error  : error  : error  : error  : error  : error  : error  : error  : error  : error  : error 
S150 : error  : error  : error    : error   : error   : error  : error  : error  : error     : error   : error  : error  : error  : error  : error  : error     : error  : error  : error  : error    : error  : error  : error    : error  : error  : error  : error  : error  : error  : error  : error  : error  : error  : error   : error  : error  : error  : error   : error  : error  : error  : error   : error  : error  : error  : error  : error  : error  : error  : error  : error   : error  : error  : error  : error  : error  : error  : error  : S156   : error  : error  : error  : error  : error  : error 
S149 : error  : error  : error    : error   : error   : error  : error  : error  : error     : error   : error  : error  : error  : error  : error  : error     : error  : error  : G155   : error    : error  : error  : error    : error  : error  : error  : error  : error  : error  : error  : error  : error  : error  : error   : error  : error  : error  : S36     : error  : error  : error  : error   : error  : error  : error  : error  : error  : error  : error  : error  : error   : error  : error  : error  : error  : error  : error  : error  : error  : error  : error  : error  : error  : error  : error 
S148 : error  : error  : error    : error   : error   : error  : error  : error  : error     : error   : error  : error  : error  : error  : error  : error     : error  : error  : error  : error    : error  : error  : error    : error  : error  : error  : error  : error  : error  : error  : error  : error  : error  : error   : error  : error  : error  : error   : error  : error  : error  : error   : error  : error  : error  : error  : error  : error  : error  : error  : error   : error  : error  : error  : error  : S154   : error  : error  : error  : error  : error  : error  : error  : error  : error 
S147 : error  : error  : error    : error   : error   : error  : error  : error  : error     : error   : error  : error  : error  : error  : error  : error     : error  : error  : error  : error    : error  : error  : error    : error  : error  : error  : error  : error  : error  : error  : error  : error  : error  : error   : error  : error  : error  : error   : error  : error  : error  : error   : error  : error  : error  : error  : error  : error  : error  : error  : error   : error  : error  : error  : error  : error  : error  : error  : S153   : error  : error  : error  : error  : error  : error 
S146 : error  : error  : error    : error   : error   : error  : error  : error  : error     : error   : error  : error  : error  : error  : error  : error     : error  : error  : G152   : error    : error  : error  : error    : error  : error  : error  : error  : error  : error  : error  : error  : error  : error  : error   : error  : error  : error  : S36     : error  : error  : error  : error   : error  : error  : error  : error  : error  : error  : error  : error  : error   : error  : error  : error  : error  : error  : error  : error  : error  : error  : error  : error  : error  : error  : error 
S145 : error  : error  : error    : error   : error   : error  : error  : error  : error     : error   : error  : error  : error  : error  : error  : error     : G151   : error  : error  : error    : error  : error  : error    : error  : error  : error  : error  : error  : error  : error  : error  : error  : error  : error   : error  : error  : error  : error   : error  : error  : error  : error   : error  : error  : error  : error  : error  : error  : error  : error  : error   : error  : error  : error  : error  : error  : error  : error  : error  : S55    : error  : error  : error  : S28    : error 
S144 : error  : error  : error    : error   : error   : error  : error  : error  : error     : error   : error  : error  : error  : error  : error  : error     : error  : error  : G150   : error    : error  : error  : error    : error  : error  : error  : error  : error  : error  : error  : error  : error  : error  : error   : error  : error  : error  : S36     : error  : error  : error  : error   : error  : error  : error  : error  : error  : error  : error  : error  : error   : error  : error  : error  : error  : error  : error  : error  : error  : error  : error  : error  : error  : error  : error 
S143 : error  : error  : error    : error   : error   : error  : error  : error  : error     : error   : error  : error  : error  : error  : error  : error     : error  : error  : error  : error    : error  : error  : error    : error  : error  : error  : error  : error  : error  : error  : error  : error  : error  : error   : error  : error  : R29    : error   : error  : error  : error  : error   : error  : error  : error  : error  : error  : error  : error  : error  : error   : error  : error  : error  : error  : error  : error  : error  : error  : error  : error  : error  : error  : error  : error 
S142 : error  : error  : G113     : error   : error   : error  : error  : error  : error     : error   : error  : error  : error  : error  : error  : error     : G149   : error  : error  : error    : error  : error  : error    : error  : error  : error  : error  : error  : error  : error  : error  : error  : error  : error   : error  : error  : error  : error   : error  : error  : error  : error   : error  : error  : error  : error  : error  : error  : error  : error  : error   : error  : error  : error  : error  : error  : R6     : error  : error  : S55    : error  : error  : error  : S28    : error 
S141 : error  : error  : error    : error   : error   : error  : error  : error  : error     : error   : error  : error  : error  : G34    : error  : error     : error  : error  : G51    : error    : error  : error  : error    : error  : error  : error  : error  : G148   : error  : error  : error  : error  : error  : S24     : error  : error  : error  : S36     : error  : error  : error  : S40     : error  : error  : error  : error  : error  : error  : error  : error  : error   : error  : error  : error  : error  : error  : error  : error  : error  : error  : error  : error  : error  : error  : error 
S140 : error  : error  : error    : error   : error   : error  : error  : error  : error     : error   : error  : error  : error  : error  : error  : error     : error  : error  : error  : error    : error  : error  : error    : error  : error  : error  : error  : error  : error  : error  : error  : error  : error  : error   : error  : error  : error  : error   : error  : error  : error  : error   : error  : error  : error  : error  : error  : error  : error  : error  : error   : error  : error  : error  : error  : R37    : error  : error  : R37    : error  : error  : R37    : error  : error  : error 
S139 : error  : error  : error    : error   : error   : error  : error  : error  : error     : error   : error  : error  : error  : error  : error  : error     : error  : error  : error  : error    : error  : error  : error    : error  : error  : error  : error  : error  : error  : error  : error  : error  : error  : error   : error  : error  : R33    : error   : error  : error  : error  : error   : error  : error  : error  : error  : error  : error  : error  : error  : error   : error  : error  : error  : error  : R33    : error  : error  : R33    : error  : error  : error  : error  : error  : error 
S138 : error  : error  : error    : error   : error   : error  : error  : error  : error     : error   : error  : error  : error  : error  : error  : error     : error  : error  : error  : error    : error  : error  : error    : error  : error  : error  : error  : error  : error  : error  : error  : error  : error  : error   : error  : error  : error  : error   : error  : error  : error  : error   : error  : error  : error  : error  : error  : error  : error  : error  : error   : error  : error  : error  : error  : error  : error  : error  : error  : error  : error  : R38    : error  : error  : error 
S137 : error  : error  : error    : error   : error   : error  : error  : error  : error     : error   : error  : error  : error  : G34    : error  : error     : error  : error  : G51    : error    : error  : error  : error    : error  : error  : error  : error  : G147   : error  : error  : error  : error  : error  : S24     : error  : error  : error  : S36     : error  : error  : error  : S40     : error  : error  : error  : error  : error  : error  : error  : error  : error   : error  : error  : error  : error  : error  : error  : error  : error  : error  : error  : error  : error  : error  : error 
S136 : error  : error  : error    : error   : error   : error  : error  : error  : error     : error   : error  : error  : error  : error  : error  : error     : error  : error  : error  : error    : error  : error  : error    : error  : error  : error  : error  : error  : error  : error  : error  : error  : error  : error   : error  : error  : error  : error   : error  : error  : error  : error   : error  : error  : error  : error  : error  : error  : error  : error  : error   : error  : error  : error  : error  : S146   : error  : error  : error  : error  : error  : error  : error  : error  : error 
S135 : error  : error  : error    : error   : error   : error  : error  : error  : error     : error   : error  : error  : error  : error  : error  : error     : error  : error  : error  : error    : error  : error  : error    : error  : error  : error  : error  : error  : error  : error  : error  : error  : error  : error   : error  : error  : error  : error   : error  : error  : error  : error   : error  : error  : error  : error  : error  : error  : error  : error  : error   : error  : error  : error  : error  : S145   : error  : error  : error  : error  : error  : error  : error  : error  : error 
S134 : error  : error  : error    : error   : error   : error  : error  : error  : error     : error   : error  : error  : error  : error  : error  : error     : error  : error  : error  : error    : error  : error  : error    : error  : error  : error  : error  : error  : error  : error  : error  : error  : error  : error   : error  : error  : error  : error   : error  : error  : error  : error   : R56    : error  : error  : error  : error  : error  : error  : error  : error   : R56    : R56    : error  : error  : error  : error  : error  : error  : R56    : error  : error  : error  : error  : error 
S133 : error  : error  : error    : error   : error   : error  : error  : error  : error     : error   : error  : error  : error  : error  : error  : error     : error  : error  : error  : error    : error  : error  : error    : error  : error  : error  : error  : error  : error  : error  : error  : error  : error  : error   : error  : error  : error  : error   : error  : error  : error  : error   : error  : error  : error  : error  : error  : error  : error  : error  : error   : error  : error  : error  : error  : S144   : error  : error  : error  : error  : error  : error  : error  : error  : error 
S132 : error  : error  : error    : error   : error   : error  : error  : error  : error     : error   : error  : error  : error  : G34    : error  : error     : error  : error  : G51    : error    : error  : error  : error    : error  : error  : error  : error  : G116   : error  : error  : error  : error  : error  : S24     : error  : error  : error  : S36     : error  : error  : error  : S40     : error  : error  : error  : error  : error  : error  : error  : error  : error   : error  : error  : error  : error  : error  : error  : error  : error  : error  : error  : error  : error  : error  : error 
S131 : error  : error  : error    : error   : error   : error  : error  : error  : error     : error   : error  : error  : error  : error  : error  : error     : error  : error  : error  : error    : error  : error  : error    : G143   : error  : error  : error  : error  : error  : error  : error  : error  : error  : error   : error  : error  : error  : error   : error  : error  : error  : error   : error  : error  : error  : error  : error  : error  : error  : error  : error   : error  : error  : error  : error  : error  : S19    : error  : error  : error  : error  : error  : error  : error  : error 
S130 : error  : error  : error    : error   : error   : error  : error  : error  : error     : error   : error  : error  : error  : error  : error  : error     : error  : error  : error  : error    : error  : error  : error    : error  : error  : error  : error  : error  : error  : error  : error  : error  : error  : error   : error  : error  : error  : error   : error  : error  : error  : error   : error  : error  : error  : error  : error  : error  : error  : error  : error   : error  : error  : error  : error  : S142   : error  : error  : error  : error  : error  : error  : error  : error  : error 
S129 : error  : error  : error    : error   : error   : error  : error  : error  : error     : error   : error  : error  : error  : error  : error  : error     : error  : error  : error  : error    : error  : error  : error    : error  : error  : error  : error  : error  : error  : error  : error  : error  : error  : error   : error  : error  : error  : error   : error  : error  : error  : error   : error  : error  : error  : error  : error  : error  : error  : error  : error   : error  : error  : error  : error  : S141   : error  : error  : error  : error  : error  : error  : error  : error  : error 
S128 : error  : error  : error    : error   : error   : error  : error  : error  : error     : error   : error  : error  : error  : error  : error  : error     : error  : error  : error  : error    : error  : error  : error    : error  : error  : error  : error  : error  : error  : error  : error  : error  : error  : error   : error  : error  : error  : error   : error  : error  : error  : error   : error  : error  : error  : error  : error  : error  : error  : error  : error   : error  : error  : error  : error  : error  : error  : error  : S140   : error  : error  : error  : error  : error  : error 
S127 : error  : error  : error    : error   : error   : error  : error  : error  : error     : error   : error  : error  : error  : error  : error  : error     : error  : error  : error  : error    : error  : error  : error    : error  : error  : error  : error  : error  : error  : error  : error  : error  : error  : error   : error  : error  : error  : error   : error  : error  : error  : error   : error  : error  : error  : error  : error  : error  : error  : error  : error   : error  : error  : error  : error  : error  : error  : error  : S139   : error  : error  : error  : error  : error  : error 
S58 : error  : error  : error    : error   : error   : error  : error  : error  : error     : error   : error  : error  : error  : error  : error  : error     : error  : error  : error  : error    : error  : error  : error    : error  : error  : error  : error  : error  : error  : error  : error  : error  : error  : error   : error  : error  : error  : error   : error  : error  : error  : error   : S79    : error  : error  : error  : error  : error  : error  : error  : error   : error  : error  : error  : error  : error  : error  : error  : error  : error  : error  : error  : error  : error  : error 
S57 : error  : error  : error    : error   : error   : error  : error  : error  : error     : error   : error  : error  : error  : error  : error  : error     : error  : error  : error  : error    : error  : error  : error    : error  : error  : error  : error  : error  : error  : error  : error  : error  : error  : error   : error  : error  : R12    : error   : error  : error  : R12    : error   : error  : error  : error  : error  : error  : error  : error  : error  : error   : R12    : R12    : error  : error  : error  : error  : error  : error  : R12    : R12    : error  : error  : error  : error 
S56 : error  : error  : error    : G78     : error   : error  : error  : error  : error     : G16     : error  : error  : error  : error  : error  : error     : error  : error  : G59    : error    : error  : G13    : error    : error  : G12    : G22    : error  : error  : error  : error  : error  : error  : error  : error   : error  : S30    : error  : S36     : error  : S37    : error  : error   : R13    : error  : error  : error  : error  : error  : error  : error  : S9      : error  : error  : S14    : error  : error  : error  : error  : error  : error  : error  : error  : S27    : error  : S29   
S55 : error  : error  : error    : error   : error   : error  : error  : error  : error     : error   : error  : error  : error  : error  : error  : error     : error  : error  : error  : error    : error  : error  : error    : error  : error  : error  : error  : error  : error  : error  : error  : error  : error  : error   : error  : error  : error  : R8      : error  : error  : error  : error   : error  : error  : error  : error  : error  : error  : error  : error  : error   : error  : error  : error  : error  : error  : error  : error  : error  : error  : error  : error  : error  : error  : error 
S54 : error  : error  : error    : error   : error   : error  : error  : error  : error     : error   : error  : error  : error  : error  : error  : error     : error  : error  : G77    : error    : error  : error  : error    : error  : error  : error  : error  : error  : error  : error  : error  : error  : error  : error   : error  : error  : error  : S36     : error  : error  : error  : error   : error  : error  : error  : error  : error  : error  : error  : error  : error   : error  : error  : error  : error  : error  : error  : error  : error  : error  : error  : error  : error  : error  : error 
S53 : error  : error  : error    : error   : error   : error  : error  : error  : error     : error   : error  : error  : error  : error  : error  : error     : error  : error  : error  : error    : error  : error  : error    : G76    : error  : error  : error  : error  : error  : error  : error  : error  : error  : error   : error  : error  : error  : error   : error  : error  : error  : error   : error  : error  : error  : error  : error  : error  : error  : error  : error   : error  : error  : error  : error  : error  : S19    : error  : error  : error  : error  : error  : error  : error  : error 
S52 : error  : error  : error    : error   : error   : error  : error  : error  : error     : error   : error  : error  : error  : error  : error  : error     : error  : error  : error  : error    : error  : error  : error    : error  : error  : error  : error  : error  : error  : error  : error  : error  : error  : error   : error  : error  : R21    : error   : error  : error  : error  : error   : error  : error  : error  : error  : error  : error  : error  : error  : error   : error  : error  : error  : error  : error  : error  : error  : error  : error  : error  : error  : error  : error  : error 
S51 : error  : error  : error    : error   : error   : error  : error  : error  : error     : error   : error  : error  : error  : error  : error  : error     : error  : error  : error  : error    : error  : error  : error    : error  : error  : error  : error  : error  : error  : error  : error  : error  : error  : error   : error  : error  : R22    : error   : error  : error  : error  : error   : error  : error  : error  : error  : error  : error  : error  : error  : error   : error  : error  : error  : error  : R22    : error  : error  : R22    : error  : error  : error  : error  : error  : error 
S50 : error  : error  : error    : error   : error   : error  : error  : error  : error     : error   : error  : error  : error  : error  : error  : error     : error  : error  : error  : error    : error  : error  : error    : error  : error  : G61    : error  : error  : error  : error  : error  : error  : error  : error   : error  : error  : error  : error   : error  : error  : error  : error   : error  : error  : error  : error  : error  : error  : error  : error  : S9      : error  : error  : error  : error  : error  : error  : error  : error  : error  : error  : error  : error  : error  : error 
S49 : error  : error  : error    : error   : error   : error  : error  : error  : error     : error   : error  : error  : error  : error  : error  : error     : error  : error  : error  : error    : error  : error  : error    : error  : error  : error  : error  : error  : error  : error  : error  : error  : error  : error   : error  : error  : error  : error   : error  : error  : error  : error   : R52    : error  : error  : error  : error  : error  : error  : error  : error   : R52    : error  : error  : error  : error  : error  : error  : error  : error  : error  : error  : error  : error  : error 
S48 : error  : error  : error    : error   : error   : error  : error  : error  : error     : error   : error  : error  : error  : error  : error  : error     : error  : error  : error  : error    : error  : error  : error    : error  : error  : error  : error  : error  : error  : error  : error  : error  : error  : error   : error  : error  : error  : error   : error  : error  : error  : error   : R53    : error  : error  : error  : error  : error  : error  : error  : error   : R53    : R53    : error  : error  : error  : error  : error  : error  : R53    : error  : error  : error  : error  : error 
S47 : error  : error  : error    : error   : error   : error  : error  : error  : error     : error   : error  : error  : error  : error  : error  : error     : error  : error  : error  : error    : error  : error  : error    : error  : error  : error  : error  : error  : error  : error  : error  : error  : error  : error   : error  : error  : error  : error   : error  : error  : error  : error   : error  : error  : error  : error  : error  : error  : error  : error  : error   : error  : error  : error  : S75    : error  : error  : error  : error  : error  : error  : error  : error  : error  : error 
S46 : error  : error  : error    : error   : error   : error  : error  : error  : error     : error   : error  : error  : error  : error  : error  : error     : error  : error  : error  : error    : error  : error  : error    : error  : error  : error  : error  : error  : error  : error  : error  : error  : error  : error   : error  : error  : error  : error   : error  : error  : error  : error   : error  : error  : error  : error  : error  : error  : error  : error  : error   : error  : error  : error  : S74    : error  : error  : error  : error  : error  : error  : error  : error  : error  : error 
S45 : error  : error  : error    : error   : error   : error  : error  : error  : error     : error   : error  : error  : error  : error  : error  : error     : error  : error  : error  : error    : error  : error  : error    : error  : error  : error  : error  : error  : error  : error  : error  : error  : error  : error   : error  : error  : error  : error   : error  : error  : error  : error   : error  : error  : error  : error  : error  : error  : error  : error  : error   : error  : error  : error  : R47    : error  : error  : error  : error  : error  : error  : error  : error  : error  : error 
S44 : error  : error  : error    : error   : error   : error  : error  : error  : error     : error   : error  : error  : error  : error  : error  : error     : error  : error  : error  : error    : error  : error  : error    : error  : error  : error  : error  : error  : error  : error  : error  : error  : error  : error   : error  : error  : error  : error   : error  : error  : error  : error   : error  : error  : error  : error  : error  : error  : error  : error  : error   : error  : error  : error  : R49    : error  : error  : error  : error  : error  : error  : error  : error  : error  : error 
S43 : error  : error  : error    : error   : error   : error  : error  : error  : error     : error   : error  : error  : error  : error  : error  : error     : error  : error  : error  : error    : error  : error  : error    : error  : error  : error  : error  : error  : error  : error  : error  : error  : error  : error   : error  : error  : error  : error   : error  : error  : error  : error   : error  : error  : error  : error  : error  : error  : error  : error  : error   : error  : error  : error  : error  : R34    : error  : error  : R34    : error  : error  : error  : error  : error  : error 
S42 : error  : error  : error    : error   : error   : error  : error  : error  : error     : error   : error  : error  : error  : error  : error  : error     : error  : error  : error  : error    : error  : error  : error    : error  : error  : error  : error  : error  : error  : error  : error  : error  : error  : error   : error  : error  : R30    : error   : error  : error  : error  : error   : error  : error  : error  : error  : error  : error  : error  : error  : error   : error  : error  : error  : error  : R30    : error  : error  : R30    : error  : error  : error  : error  : error  : error 
S41 : error  : error  : error    : error   : error   : error  : error  : error  : error     : error   : error  : error  : error  : error  : error  : error     : error  : error  : error  : error    : error  : error  : error    : error  : error  : error  : error  : error  : error  : error  : error  : error  : error  : error   : error  : error  : error  : error   : error  : error  : error  : error   : R61    : error  : error  : error  : error  : error  : error  : error  : error   : error  : error  : error  : error  : error  : error  : error  : error  : error  : error  : error  : error  : error  : error 
S40 : error  : error  : error    : error   : error   : error  : error  : error  : error     : error   : error  : error  : error  : error  : error  : error     : error  : error  : error  : error    : error  : error  : error    : error  : error  : error  : error  : error  : error  : error  : error  : error  : error  : error   : error  : error  : R24    : error   : error  : error  : error  : error   : error  : error  : error  : error  : error  : error  : error  : error  : error   : error  : error  : error  : error  : R24    : error  : error  : R24    : error  : error  : error  : error  : error  : error 
S39 : error  : error  : error    : error   : error   : error  : error  : error  : error     : error   : error  : error  : error  : error  : error  : error     : error  : error  : error  : error    : error  : error  : error    : error  : error  : error  : error  : error  : error  : error  : error  : error  : error  : error   : error  : error  : error  : error   : error  : error  : error  : error   : error  : error  : error  : error  : error  : error  : error  : error  : error   : error  : error  : error  : error  : error  : error  : error  : error  : R58    : error  : error  : error  : R58    : error 
S38 : error  : error  : error    : error   : error   : error  : error  : error  : error     : error   : error  : error  : error  : error  : error  : error     : error  : error  : error  : error    : error  : error  : error    : error  : error  : error  : error  : error  : error  : error  : error  : error  : error  : error   : error  : error  : R31    : error   : error  : error  : error  : error   : error  : error  : error  : error  : error  : error  : error  : error  : error   : error  : error  : error  : error  : R31    : error  : error  : R31    : error  : error  : error  : error  : error  : error 
S37 : error  : G71    : error    : error   : error   : error  : G72    : error  : error     : error   : error  : G10    : G73    : error  : error  : error     : error  : error  : error  : error    : error  : error  : G11      : error  : error  : error  : error  : error  : error  : error  : S6     : error  : S7     : error   : S32    : error  : error  : error   : S35    : error  : error  : error   : error  : error  : S44    : S45    : S5     : S8     : S4     : error  : error   : error  : error  : error  : error  : error  : error  : S18    : error  : error  : error  : error  : error  : error  : error 
S36 : error  : error  : error    : error   : error   : error  : error  : error  : error     : error   : error  : error  : error  : error  : error  : error     : error  : error  : error  : error    : error  : error  : error    : error  : error  : error  : error  : error  : error  : R10    : error  : error  : error  : error   : error  : error  : R10    : error   : error  : error  : error  : error   : error  : error  : error  : error  : error  : error  : error  : R10    : error   : error  : error  : error  : error  : R10    : error  : error  : R10    : error  : error  : error  : error  : error  : error 
S35 : error  : error  : error    : error   : error   : error  : error  : error  : error     : error   : error  : error  : error  : error  : error  : error     : error  : error  : error  : error    : error  : error  : error    : error  : error  : error  : error  : error  : error  : error  : error  : error  : error  : error   : error  : error  : error  : error   : error  : error  : error  : error   : error  : error  : error  : error  : error  : error  : error  : error  : error   : error  : error  : error  : R43    : error  : error  : error  : error  : error  : error  : error  : error  : error  : error 
S34 : error  : error  : error    : error   : error   : error  : error  : error  : error     : error   : error  : error  : error  : error  : error  : error     : error  : error  : error  : error    : error  : error  : error    : error  : error  : error  : error  : error  : error  : error  : error  : error  : error  : error   : error  : error  : R23    : error   : error  : error  : error  : error   : error  : error  : error  : error  : error  : error  : error  : error  : error   : error  : error  : error  : error  : R23    : error  : error  : R23    : error  : error  : error  : error  : error  : error 
S33 : error  : error  : error    : error   : error   : error  : error  : error  : error     : error   : error  : error  : error  : error  : error  : error     : error  : error  : G70    : error    : error  : error  : error    : error  : error  : error  : error  : error  : error  : error  : error  : error  : error  : error   : error  : error  : error  : S36     : error  : error  : error  : error   : error  : error  : error  : error  : error  : error  : error  : error  : error   : error  : error  : error  : error  : error  : error  : error  : error  : error  : error  : error  : error  : error  : error 
S32 : error  : error  : error    : error   : error   : error  : error  : error  : error     : error   : error  : error  : error  : error  : error  : error     : error  : error  : error  : error    : error  : error  : error    : error  : error  : error  : error  : error  : error  : error  : error  : error  : error  : error   : error  : error  : error  : error   : error  : error  : error  : error   : error  : error  : error  : error  : error  : error  : error  : error  : error   : error  : error  : error  : R44    : error  : error  : error  : error  : error  : error  : error  : error  : error  : error 
S31 : error  : error  : error    : error   : error   : error  : error  : error  : error     : error   : error  : error  : error  : error  : error  : error     : error  : error  : error  : error    : error  : error  : error    : error  : error  : error  : error  : error  : error  : S69    : error  : error  : error  : error   : error  : error  : R22    : error   : error  : error  : error  : error   : error  : error  : error  : error  : error  : error  : error  : S68    : error   : error  : error  : error  : error  : R22    : error  : error  : R22    : error  : error  : error  : error  : error  : error 
S30 : error  : error  : error    : error   : error   : error  : error  : error  : error     : error   : error  : error  : error  : G34    : error  : error     : error  : error  : G51    : error    : error  : error  : error    : error  : error  : error  : error  : G67    : error  : error  : error  : error  : error  : S24     : error  : error  : error  : S36     : error  : error  : error  : S40     : error  : error  : error  : error  : error  : error  : error  : error  : error   : error  : error  : error  : error  : error  : error  : error  : error  : error  : error  : error  : error  : error  : error 
S29 : error  : error  : error    : error   : error   : error  : error  : error  : error     : error   : error  : error  : error  : error  : error  : error     : error  : error  : error  : error    : error  : error  : error    : error  : error  : error  : error  : error  : error  : error  : error  : error  : error  : error   : error  : error  : R15    : error   : error  : error  : error  : error   : error  : error  : error  : error  : error  : error  : error  : error  : error   : error  : error  : error  : error  : error  : error  : error  : error  : error  : error  : error  : error  : error  : error 
S12 : error  : error  : error    : error   : error   : error  : error  : error  : error     : error   : error  : error  : error  : error  : error  : error     : error  : error  : error  : error    : error  : error  : error    : error  : error  : error  : error  : error  : error  : error  : error  : error  : error  : error   : error  : error  : R18    : error   : error  : error  : error  : error   : error  : error  : error  : error  : error  : error  : error  : error  : error   : error  : error  : error  : error  : error  : error  : error  : error  : error  : error  : error  : error  : error  : error 
S11 : error  : error  : error    : error   : error   : error  : error  : error  : error     : error   : error  : error  : error  : error  : error  : error     : error  : error  : error  : error    : error  : error  : error    : error  : error  : error  : error  : error  : error  : error  : error  : error  : error  : error   : error  : error  : error  : error   : error  : error  : error  : error   : error  : error  : error  : error  : error  : error  : error  : error  : error   : error  : error  : error  : error  : error  : error  : error  : error  : error  : error  : R36    : error  : error  : error 
S10 : error  : error  : error    : error   : error   : error  : error  : error  : error     : error   : error  : error  : error  : error  : error  : error     : error  : error  : error  : error    : error  : error  : error    : error  : error  : error  : error  : error  : error  : error  : error  : error  : error  : error   : error  : error  : error  : error   : error  : error  : error  : error   : error  : error  : error  : error  : error  : error  : error  : error  : error   : error  : error  : error  : error  : error  : error  : error  : error  : error  : error  : R35    : error  : error  : error 
S9 : error  : error  : error    : error   : error   : error  : error  : error  : error     : error   : error  : error  : error  : error  : error  : error     : error  : error  : error  : error    : error  : error  : error    : error  : error  : error  : error  : error  : error  : error  : error  : error  : error  : error   : error  : error  : error  : error   : error  : error  : error  : error   : error  : error  : error  : error  : error  : error  : error  : error  : error   : error  : error  : error  : R50    : error  : error  : error  : error  : error  : error  : error  : error  : error  : error 
S8 : error  : error  : error    : error   : error   : error  : error  : error  : error     : error   : error  : error  : error  : error  : error  : error     : error  : error  : error  : error    : error  : error  : error    : error  : error  : error  : error  : error  : error  : error  : error  : error  : error  : error   : error  : error  : error  : error   : error  : error  : error  : error   : error  : error  : error  : error  : error  : error  : error  : error  : error   : error  : error  : error  : R41    : error  : error  : error  : error  : error  : error  : error  : error  : error  : error 
S7 : error  : error  : error    : error   : error   : error  : error  : error  : error     : error   : error  : error  : error  : error  : error  : error     : error  : error  : error  : error    : error  : error  : error    : error  : error  : error  : error  : error  : error  : error  : error  : error  : error  : error   : error  : error  : error  : error   : error  : error  : error  : error   : error  : error  : error  : error  : error  : error  : error  : error  : error   : error  : error  : error  : R40    : error  : error  : error  : error  : error  : error  : error  : error  : error  : error 
S6 : error  : error  : error    : error   : error   : error  : error  : error  : error     : error   : error  : error  : error  : error  : error  : error     : error  : error  : error  : error    : error  : error  : error    : error  : error  : error  : error  : error  : error  : error  : error  : error  : error  : error   : error  : error  : error  : error   : error  : error  : error  : error   : error  : error  : error  : error  : error  : error  : error  : error  : error   : error  : error  : error  : R48    : error  : error  : error  : error  : error  : error  : error  : error  : error  : error 
S5 : error  : error  : error    : error   : error   : error  : error  : error  : error     : error   : error  : error  : error  : error  : error  : error     : error  : error  : error  : error    : error  : error  : error    : error  : error  : error  : error  : error  : error  : error  : error  : error  : error  : error   : error  : error  : error  : error   : error  : error  : error  : error   : error  : error  : error  : error  : error  : error  : error  : error  : error   : error  : error  : error  : R45    : error  : error  : error  : error  : error  : error  : error  : error  : error  : error 
S4 : error  : error  : error    : error   : error   : error  : error  : error  : error     : error   : error  : error  : error  : error  : error  : error     : error  : error  : error  : error    : error  : error  : error    : error  : error  : error  : error  : error  : error  : error  : error  : error  : error  : error   : error  : error  : error  : error   : error  : error  : error  : error   : error  : error  : error  : error  : error  : error  : error  : error  : error   : error  : error  : error  : R46    : error  : error  : error  : error  : error  : error  : error  : error  : error  : error 
S3 : error  : error  : error    : error   : error   : error  : error  : error  : error     : error   : error  : error  : error  : error  : error  : G49       : error  : G2     : error  : error    : error  : error  : error    : error  : error  : error  : error  : error  : G3     : error  : error  : error  : error  : error   : error  : error  : error  : error   : error  : error  : error  : error   : R51    : error  : error  : error  : error  : error  : error  : error  : error   : R51    : S1     : error  : error  : error  : error  : error  : error  : S50    : error  : error  : error  : error  : error 
S2 : error  : error  : error    : error   : error   : G48    : error  : error  : error     : error   : error  : error  : error  : error  : error  : error     : error  : error  : error  : error    : G15    : error  : error    : error  : error  : error  : error  : error  : error  : error  : error  : error  : error  : error   : error  : error  : error  : error   : error  : error  : error  : error   : error  : S39    : error  : error  : error  : error  : error  : error  : error   : error  : error  : error  : error  : error  : error  : error  : error  : error  : error  : error  : error  : error  : error 
S1 : error  : error  : error    : error   : error   : error  : error  : error  : error     : error   : error  : error  : error  : error  : error  : error     : error  : error  : error  : error    : error  : error  : error    : error  : error  : G47    : error  : error  : error  : error  : error  : error  : error  : error   : error  : error  : error  : error   : error  : error  : error  : error   : error  : error  : error  : error  : error  : error  : error  : error  : S9      : error  : error  : error  : error  : error  : error  : error  : error  : error  : error  : error  : error  : error  : error 
S0 : error  : error  : error    : error   : error   : error  : G26    : G17    : G20       : G16     : error  : G10    : G46    : G34    : G38    : G41       : G33    : G2     : G31    : error    : G15    : G13    : G11      : error  : G12    : G22    : G43    : G42    : G3     : error  : S6     : S23    : S7     : S24     : S32    : S30    : error  : S36     : S35    : S37    : error  : S40     : error  : S39    : S44    : S45    : S5     : S8     : S4     : error  : S9      : error  : S1     : S14    : error  : error  : S19    : S18    : error  : S21    : S25    : error  : S27    : S28    : S29   
S13 : error  : error  : error    : error   : error   : error  : error  : error  : error     : error   : error  : error  : error  : error  : error  : error     : error  : error  : error  : error    : error  : error  : error    : error  : error  : error  : error  : error  : error  : error  : error  : error  : error  : error   : error  : error  : R20    : error   : error  : error  : error  : error   : error  : error  : error  : error  : error  : error  : error  : error  : error   : error  : error  : error  : error  : error  : error  : error  : error  : error  : error  : error  : error  : error  : error 
S14 : error  : error  : error    : error   : error   : error  : error  : error  : error     : error   : error  : error  : error  : G34    : error  : error     : error  : error  : G51    : error    : error  : error  : error    : error  : error  : error  : error  : G52    : error  : error  : error  : error  : error  : S24     : error  : error  : error  : S36     : error  : error  : error  : S40     : error  : error  : error  : error  : error  : error  : error  : error  : error   : error  : error  : error  : error  : error  : error  : error  : error  : error  : error  : error  : error  : error  : error 
S15 : error  : error  : error    : error   : G53     : error  : error  : error  : error     : error   : error  : error  : error  : error  : error  : error     : G54    : error  : error  : error    : error  : error  : error    : error  : error  : error  : error  : error  : error  : error  : error  : error  : error  : error   : error  : error  : error  : error   : error  : error  : error  : error   : error  : error  : error  : error  : error  : error  : error  : error  : error   : error  : error  : error  : error  : error  : error  : error  : error  : S55    : error  : error  : error  : S28    : error 
S16 : error  : error  : error    : error   : error   : error  : error  : error  : error     : error   : error  : error  : error  : error  : error  : error     : error  : error  : error  : error    : error  : error  : error    : error  : error  : error  : error  : error  : error  : error  : error  : error  : error  : error   : error  : error  : S56    : error   : error  : error  : error  : error   : error  : error  : error  : error  : error  : error  : error  : error  : error   : error  : error  : error  : error  : error  : error  : error  : error  : error  : error  : error  : error  : error  : error 
S17 : error  : error  : error    : error   : error   : error  : error  : error  : error     : error   : error  : error  : error  : error  : error  : error     : error  : error  : error  : error    : error  : error  : error    : error  : error  : error  : error  : error  : error  : error  : error  : error  : error  : error   : error  : error  : error  : error   : error  : error  : error  : error   : error  : error  : error  : error  : error  : error  : error  : error  : error   : A0     : error  : error  : error  : error  : error  : error  : error  : error  : error  : error  : error  : error  : error 
S18 : error  : error  : error    : error   : error   : error  : error  : error  : error     : error   : error  : error  : error  : error  : error  : error     : error  : error  : error  : error    : error  : error  : error    : error  : error  : error  : error  : error  : error  : error  : error  : error  : error  : error   : error  : error  : error  : error   : error  : error  : error  : error   : error  : error  : error  : error  : error  : error  : error  : error  : error   : error  : error  : error  : R42    : error  : error  : error  : error  : error  : error  : error  : error  : error  : error 
S19 : error  : error  : error    : G58     : error   : error  : error  : error  : error     : G16     : error  : error  : error  : error  : error  : error     : error  : error  : G59    : error    : error  : G13    : error    : error  : G12    : G22    : error  : error  : error  : error  : error  : error  : error  : error   : error  : S30    : error  : S36     : error  : S37    : error  : error   : S57    : error  : error  : error  : error  : error  : error  : error  : S9      : error  : error  : S14    : error  : error  : error  : error  : error  : error  : error  : error  : S27    : error  : S29   
S20 : error  : error  : error    : error   : error   : error  : error  : error  : error     : error   : error  : error  : error  : error  : error  : error     : error  : error  : error  : error    : error  : error  : error    : error  : error  : error  : error  : error  : error  : error  : error  : error  : error  : error   : error  : error  : error  : error   : error  : error  : error  : error   : error  : error  : error  : error  : error  : error  : error  : error  : error   : S60    : error  : error  : error  : error  : error  : error  : error  : error  : error  : error  : error  : error  : error 
S21 : error  : error  : error    : error   : error   : error  : error  : error  : error     : error   : error  : error  : error  : error  : error  : error     : error  : error  : error  : error    : error  : error  : error    : error  : error  : G61    : error  : error  : error  : error  : error  : error  : error  : error   : error  : error  : error  : R8      : error  : error  : error  : error   : error  : error  : error  : error  : error  : error  : error  : error  : S9      : error  : error  : error  : error  : error  : error  : error  : error  : error  : error  : error  : error  : error  : error 
S22 : error  : error  : error    : error   : error   : error  : error  : error  : error     : error   : error  : error  : error  : error  : error  : error     : error  : error  : error  : error    : error  : error  : error    : error  : error  : error  : error  : error  : error  : error  : error  : error  : error  : error   : error  : error  : error  : error   : error  : error  : error  : error   : error  : error  : error  : error  : error  : error  : error  : error  : error   : error  : error  : error  : S62    : error  : error  : error  : error  : error  : error  : error  : error  : error  : error 
S23 : error  : error  : G64      : error   : error   : error  : error  : error  : error     : error   : error  : error  : error  : error  : error  : error     : G65    : error  : error  : error    : error  : error  : error    : G63    : error  : error  : error  : error  : error  : error  : error  : error  : error  : error   : error  : error  : error  : error   : error  : error  : error  : error   : error  : error  : error  : error  : error  : error  : error  : error  : error   : error  : error  : error  : error  : error  : S19    : error  : error  : S55    : error  : error  : error  : S28    : error 
S24 : error  : error  : error    : error   : error   : error  : error  : error  : error     : error   : error  : error  : error  : error  : error  : error     : error  : error  : error  : error    : error  : error  : error    : error  : error  : error  : error  : error  : error  : error  : error  : error  : error  : error   : error  : error  : R25    : error   : error  : error  : error  : error   : error  : error  : error  : error  : error  : error  : error  : error  : error   : error  : error  : error  : error  : R25    : error  : error  : R25    : error  : error  : error  : error  : error  : error 
S25 : error  : error  : error    : error   : error   : error  : error  : error  : error     : error   : error  : error  : error  : error  : error  : error     : error  : error  : error  : error    : error  : error  : error    : error  : error  : error  : error  : error  : error  : error  : error  : error  : error  : error   : error  : error  : error  : error   : error  : error  : error  : error   : R59    : error  : error  : error  : error  : error  : error  : error  : error   : error  : R59    : error  : error  : error  : error  : error  : error  : R59    : error  : error  : error  : error  : error 
S26 : error  : error  : error    : error   : error   : error  : error  : error  : error     : error   : error  : error  : error  : error  : error  : error     : error  : error  : error  : error    : error  : error  : error    : error  : error  : error  : error  : error  : error  : error  : error  : error  : error  : error   : error  : error  : error  : error   : error  : error  : error  : error   : error  : error  : error  : error  : error  : error  : error  : error  : error   : error  : error  : error  : S66    : error  : error  : error  : error  : error  : error  : error  : error  : error  : error 
S27 : error  : error  : error    : error   : error   : error  : error  : error  : error     : error   : error  : error  : error  : error  : error  : error     : error  : error  : error  : error    : error  : error  : error    : error  : error  : error  : error  : error  : error  : error  : error  : error  : error  : error   : error  : error  : R16    : error   : error  : error  : error  : error   : error  : error  : error  : error  : error  : error  : error  : error  : error   : error  : error  : error  : error  : error  : error  : error  : error  : error  : error  : error  : error  : error  : error 
S28 : error  : error  : error    : error   : error   : error  : error  : error  : error     : error   : error  : error  : error  : error  : error  : error     : error  : error  : error  : error    : error  : error  : error    : error  : error  : error  : error  : error  : error  : error  : error  : error  : error  : error   : error  : error  : error  : R9      : error  : error  : error  : error   : error  : error  : error  : error  : error  : error  : error  : error  : error   : error  : error  : error  : error  : error  : error  : error  : error  : error  : error  : error  : error  : error  : error 
S59 : error  : error  : error    : error   : error   : error  : error  : error  : error     : error   : error  : error  : error  : error  : error  : error     : error  : error  : error  : error    : error  : error  : error    : error  : error  : error  : error  : error  : error  : S69    : error  : error  : error  : error   : error  : error  : error  : error   : error  : error  : error  : error   : error  : error  : error  : error  : error  : error  : error  : S68    : error   : error  : error  : error  : error  : error  : error  : error  : error  : error  : error  : error  : error  : error  : error 
S60 : error  : error  : error    : error   : error   : error  : error  : error  : error     : error   : error  : error  : error  : error  : error  : error     : error  : error  : error  : error    : error  : error  : error    : error  : error  : error  : error  : error  : error  : error  : error  : error  : error  : error   : error  : error  : error  : error   : error  : error  : error  : error   : error  : error  : error  : error  : error  : error  : error  : error  : error   : R0     : error  : error  : error  : error  : error  : error  : error  : error  : error  : error  : error  : error  : error 
S61 : error  : error  : error    : error   : error   : error  : error  : error  : error     : error   : error  : error  : error  : error  : error  : error     : error  : error  : error  : error    : error  : error  : error    : error  : error  : error  : error  : error  : error  : error  : error  : error  : error  : error   : error  : error  : error  : error   : error  : error  : error  : error   : error  : error  : error  : error  : error  : error  : error  : error  : error   : error  : error  : error  : S80    : error  : error  : error  : error  : error  : error  : error  : error  : error  : error 
S62 : error  : error  : error    : error   : error   : error  : error  : error  : error     : error   : error  : error  : error  : G34    : error  : error     : error  : error  : G51    : error    : error  : error  : error    : error  : error  : error  : error  : G81    : error  : error  : error  : error  : error  : S24     : error  : error  : error  : S36     : error  : error  : error  : S40     : error  : error  : error  : error  : error  : error  : error  : error  : error   : error  : error  : error  : error  : error  : error  : error  : error  : error  : error  : error  : error  : error  : error 
S63 : error  : error  : error    : error   : error   : error  : error  : error  : error     : error   : error  : error  : error  : error  : error  : G82       : error  : G2     : error  : error    : error  : error  : error    : error  : error  : error  : error  : error  : G3     : error  : error  : error  : error  : error   : error  : error  : error  : error   : error  : error  : error  : error   : error  : error  : error  : error  : error  : error  : error  : error  : error   : R5     : S1     : error  : error  : error  : error  : error  : error  : S50    : error  : error  : error  : error  : error 
S64 : error  : error  : error    : error   : error   : error  : error  : error  : error     : error   : error  : error  : error  : error  : error  : error     : error  : error  : error  : error    : error  : error  : error    : G83    : error  : error  : error  : error  : error  : error  : error  : error  : error  : error   : error  : error  : error  : error   : error  : error  : error  : error   : error  : error  : error  : error  : error  : error  : error  : error  : error   : error  : error  : error  : error  : error  : S19    : error  : error  : error  : error  : error  : error  : error  : error 
S65 : error  : error  : error    : error   : error   : error  : error  : error  : error     : error   : error  : error  : error  : error  : error  : error     : error  : error  : G84    : error    : error  : error  : error    : error  : error  : error  : error  : error  : error  : error  : error  : error  : error  : error   : error  : error  : error  : S36     : error  : error  : error  : error   : error  : error  : error  : error  : error  : error  : error  : error  : error   : error  : error  : error  : error  : error  : error  : error  : error  : error  : error  : error  : error  : error  : error 
S66 : G86    : error  : error    : error   : error   : error  : G87    : error  : error     : error   : error  : G85    : G88    : G34    : G38    : error     : error  : error  : G51    : error    : error  : error  : error    : error  : error  : error  : G43    : G89    : error  : error  : S6     : error  : S7     : S24     : S32    : error  : error  : S36     : S35    : error  : error  : S40     : error  : error  : S44    : S45    : S5     : S8     : S4     : error  : error   : error  : error  : error  : error  : error  : error  : S18    : error  : error  : error  : error  : error  : error  : error 
S67 : error  : error  : error    : error   : error   : error  : error  : error  : error     : error   : error  : error  : error  : error  : error  : error     : error  : error  : error  : error    : error  : error  : error    : error  : error  : error  : error  : error  : error  : error  : error  : error  : error  : error   : error  : error  : R17    : error   : error  : error  : error  : error   : error  : error  : error  : error  : error  : error  : error  : error  : error   : error  : error  : error  : error  : error  : error  : error  : error  : error  : error  : error  : error  : error  : error 
S68 : error  : error  : error    : error   : error   : error  : G91    : error  : error     : error   : error  : error  : G88    : G34    : G38    : error     : error  : error  : G51    : error    : error  : error  : error    : error  : error  : G92    : G90    : G42    : error  : error  : S6     : error  : S7     : S24     : S32    : error  : error  : S36     : S35    : error  : error  : S40     : error  : error  : S44    : S45    : S5     : S8     : S4     : error  : S9      : error  : error  : error  : error  : error  : error  : S18    : error  : error  : error  : error  : error  : error  : error 
S69 : error  : error  : error    : error   : error   : error  : error  : error  : error     : error   : error  : error  : error  : error  : error  : error     : error  : error  : error  : error    : error  : error  : error    : error  : error  : error  : error  : error  : error  : error  : error  : error  : error  : error   : error  : error  : R26    : error   : error  : error  : error  : error   : error  : error  : error  : error  : error  : error  : error  : error  : error   : error  : error  : error  : error  : error  : error  : error  : error  : error  : error  : error  : error  : error  : error 
S70 : error  : error  : error    : error   : error   : error  : error  : error  : error     : error   : error  : error  : error  : error  : error  : error     : error  : error  : error  : error    : error  : error  : error    : error  : error  : error  : error  : error  : error  : error  : error  : error  : error  : error   : error  : error  : error  : error   : error  : error  : error  : error   : error  : error  : error  : error  : error  : error  : error  : error  : error   : error  : error  : error  : error  : S93    : error  : error  : error  : error  : error  : error  : error  : error  : error 
S71 : error  : error  : error    : error   : error   : error  : error  : error  : error     : error   : error  : error  : error  : error  : error  : error     : error  : error  : error  : error    : error  : error  : error    : error  : error  : error  : error  : error  : error  : error  : error  : error  : error  : error   : error  : error  : error  : error   : error  : error  : error  : error   : error  : error  : error  : error  : error  : error  : error  : error  : error   : error  : error  : error  : error  : error  : error  : error  : error  : error  : error  : S94    : error  : error  : error 
S72 : error  : error  : error    : error   : error   : error  : error  : error  : error     : error   : error  : error  : error  : error  : error  : error     : error  : error  : error  : error    : error  : error  : error    : error  : error  : error  : error  : error  : error  : error  : error  : error  : error  : error   : error  : error  : error  : error   : error  : error  : error  : error   : error  : error  : error  : error  : error  : error  : error  : error  : error   : error  : error  : error  : S95    : error  : error  : error  : error  : error  : error  : error  : error  : error  : error 
S73 : error  : error  : error    : error   : error   : error  : error  : error  : error     : error   : error  : error  : error  : error  : error  : error     : error  : error  : error  : error    : error  : error  : error    : error  : error  : error  : error  : error  : error  : error  : error  : error  : error  : error   : error  : error  : error  : error   : error  : error  : error  : error   : error  : error  : error  : error  : error  : error  : error  : error  : error   : error  : error  : error  : S96    : error  : error  : error  : error  : error  : error  : error  : error  : error  : error 
S74 : G97    : error  : error    : error   : error   : error  : G87    : error  : error     : error   : error  : G98    : G88    : G34    : G38    : error     : error  : error  : G51    : error    : error  : error  : error    : error  : error  : error  : G43    : G42    : error  : error  : S6     : error  : S7     : S24     : S32    : error  : error  : S36     : S35    : error  : error  : S40     : error  : error  : S44    : S45    : S5     : S8     : S4     : error  : error   : error  : error  : error  : error  : error  : error  : S18    : error  : error  : error  : error  : error  : error  : error 
S75 : error  : error  : error    : error   : error   : error  : error  : error  : error     : error   : error  : error  : error  : error  : error  : error     : error  : error  : G99    : error    : error  : error  : error    : error  : error  : error  : error  : error  : error  : error  : error  : error  : error  : error   : error  : error  : error  : S36     : error  : error  : error  : error   : error  : error  : error  : error  : error  : error  : error  : error  : error   : error  : error  : error  : error  : error  : error  : error  : error  : error  : error  : error  : error  : error  : error 
S76 : error  : error  : error    : error   : error   : error  : error  : error  : error     : error   : G100   : error  : error  : error  : error  : error     : error  : error  : error  : error    : error  : error  : error    : error  : error  : error  : error  : error  : error  : error  : error  : error  : error  : error   : error  : error  : error  : error   : error  : error  : error  : error   : error  : error  : error  : error  : error  : error  : error  : error  : error   : error  : error  : error  : error  : error  : error  : error  : error  : error  : S25    : error  : error  : error  : error 
S77 : error  : error  : error    : error   : error   : error  : error  : error  : error     : error   : error  : error  : error  : error  : error  : error     : error  : error  : error  : error    : error  : error  : error    : error  : error  : error  : error  : error  : error  : error  : error  : error  : error  : error   : error  : error  : error  : error   : error  : error  : error  : error   : error  : error  : error  : error  : error  : error  : error  : error  : error   : error  : error  : error  : error  : S101   : error  : error  : error  : error  : error  : error  : error  : error  : error 
S78 : error  : error  : error    : error   : error   : error  : error  : error  : error     : error   : error  : error  : error  : error  : error  : error     : error  : error  : error  : error    : error  : error  : error    : error  : error  : error  : error  : error  : error  : error  : error  : error  : error  : error   : error  : error  : error  : error   : error  : error  : error  : error   : R14    : error  : error  : error  : error  : error  : error  : error  : error   : error  : error  : error  : error  : error  : error  : error  : error  : error  : error  : error  : error  : error  : error 
S79 : error  : error  : error    : error   : error   : error  : error  : error  : error     : error   : error  : error  : error  : error  : error  : error     : error  : error  : error  : error    : error  : error  : error    : error  : error  : error  : error  : error  : error  : error  : error  : error  : error  : error   : error  : error  : R11    : error   : error  : error  : R11    : error   : error  : error  : error  : error  : error  : error  : error  : error  : error   : R11    : R11    : error  : error  : error  : error  : error  : error  : R11    : R11    : error  : error  : error  : error 
S80 : error  : error  : error    : error   : error   : error  : error  : error  : error     : error   : error  : error  : error  : error  : error  : error     : error  : error  : G102   : error    : error  : error  : error    : error  : error  : error  : error  : error  : error  : error  : error  : error  : error  : error   : error  : error  : error  : S36     : error  : error  : error  : error   : error  : error  : error  : error  : error  : error  : error  : error  : error   : error  : error  : error  : error  : error  : error  : error  : error  : error  : error  : error  : error  : error  : error 
S81 : error  : error  : error    : error   : error   : error  : error  : error  : error     : error   : error  : error  : error  : error  : error  : error     : error  : error  : error  : error    : error  : error  : error    : error  : error  : error  : error  : error  : error  : error  : error  : error  : error  : error   : error  : error  : error  : error   : error  : error  : error  : error   : error  : error  : error  : error  : error  : error  : error  : error  : error   : error  : error  : error  : error  : S103   : error  : error  : error  : error  : error  : error  : error  : error  : error 
S82 : error  : error  : error    : error   : error   : error  : error  : error  : error     : error   : error  : error  : error  : error  : error  : error     : error  : error  : error  : error    : error  : error  : error    : error  : error  : error  : error  : error  : error  : error  : error  : error  : error  : error   : error  : error  : error  : error   : error  : error  : error  : error   : error  : error  : error  : error  : error  : error  : error  : error  : error   : R3     : error  : error  : error  : error  : error  : error  : error  : error  : error  : error  : error  : error  : error 
S83 : error  : error  : error    : error   : error   : error  : error  : error  : error     : error   : error  : error  : error  : error  : error  : G104      : error  : G2     : error  : error    : error  : error  : error    : error  : error  : error  : error  : error  : G3     : error  : error  : error  : error  : error   : error  : error  : error  : error   : error  : error  : error  : error   : error  : error  : error  : error  : error  : error  : error  : error  : error   : R4     : S1     : error  : error  : error  : error  : error  : error  : S50    : error  : error  : error  : error  : error 
S84 : error  : error  : error    : error   : error   : error  : error  : error  : error     : error   : error  : error  : error  : error  : error  : error     : error  : error  : error  : error    : error  : error  : error    : error  : error  : error  : error  : error  : error  : error  : error  : error  : error  : error   : error  : error  : error  : error   : error  : error  : error  : error   : error  : error  : error  : error  : error  : error  : error  : error  : error   : error  : error  : error  : error  : S105   : error  : error  : error  : error  : error  : error  : error  : error  : error 
S85 : error  : error  : error    : error   : error   : error  : error  : error  : error     : error   : error  : error  : error  : error  : error  : error     : error  : error  : error  : error    : error  : error  : error    : error  : error  : error  : error  : error  : error  : error  : error  : error  : error  : error   : error  : error  : error  : error   : error  : error  : error  : error   : error  : error  : error  : error  : error  : error  : error  : error  : error   : error  : error  : error  : error  : S106   : error  : error  : error  : error  : error  : error  : error  : error  : error 
S86 : error  : error  : error    : error   : error   : error  : error  : error  : error     : error   : error  : error  : error  : error  : error  : error     : error  : error  : error  : error    : error  : error  : error    : error  : error  : error  : error  : error  : error  : error  : error  : error  : error  : error   : error  : error  : error  : error   : error  : error  : error  : error   : error  : error  : error  : error  : error  : error  : error  : error  : error   : error  : error  : error  : error  : S107   : error  : error  : error  : error  : error  : error  : error  : error  : error 
S87 : error  : error  : error    : error   : error   : error  : error  : error  : error     : error   : error  : error  : error  : error  : error  : error     : error  : error  : error  : error    : error  : error  : error    : error  : error  : error  : error  : error  : error  : error  : error  : error  : error  : error   : error  : error  : error  : error   : error  : error  : error  : error   : error  : error  : error  : error  : error  : error  : error  : error  : error   : error  : error  : error  : S108   : error  : error  : error  : error  : error  : error  : error  : error  : error  : error 
S88 : error  : error  : error    : error   : error   : error  : error  : error  : error     : error   : error  : error  : error  : error  : error  : error     : error  : error  : error  : error    : error  : error  : error    : error  : error  : error  : error  : error  : error  : error  : error  : error  : error  : error   : error  : error  : error  : error   : error  : error  : error  : error   : error  : error  : error  : error  : error  : error  : error  : error  : error   : error  : error  : error  : S109   : error  : error  : error  : error  : error  : error  : error  : error  : error  : error 
S89 : error  : error  : error    : error   : error   : error  : error  : error  : error     : error   : error  : error  : error  : error  : error  : error     : error  : error  : error  : error    : error  : error  : error    : error  : error  : error  : error  : error  : error  : error  : error  : error  : error  : error   : error  : error  : R30    : error   : error  : error  : error  : error   : error  : error  : error  : error  : error  : error  : error  : error  : error   : error  : error  : error  : error  : R30    : error  : error  : R30    : error  : error  : error  : error  : error  : error 
S90 : error  : error  : error    : error   : error   : error  : error  : error  : error     : error   : error  : error  : error  : error  : error  : error     : error  : error  : error  : error    : error  : error  : error    : error  : error  : error  : error  : error  : error  : error  : error  : error  : error  : error   : error  : error  : R27    : error   : error  : error  : error  : error   : error  : error  : error  : error  : error  : error  : error  : error  : error   : error  : error  : error  : error  : error  : error  : error  : error  : error  : error  : error  : error  : error  : error 
S91 : error  : error  : error    : error   : error   : error  : error  : error  : error     : error   : error  : error  : error  : error  : error  : error     : error  : error  : error  : error    : error  : error  : error    : error  : error  : error  : error  : error  : error  : error  : error  : error  : error  : error   : error  : error  : error  : error   : error  : error  : error  : error   : error  : error  : error  : error  : error  : error  : error  : error  : error   : error  : error  : error  : S111   : error  : error  : error  : error  : error  : error  : error  : error  : error  : error 
S92 : error  : error  : error    : error   : error   : error  : error  : error  : error     : error   : error  : error  : error  : error  : error  : error     : error  : error  : error  : error    : error  : error  : error    : error  : error  : error  : error  : error  : error  : error  : error  : error  : error  : error   : error  : error  : error  : error   : error  : error  : error  : error   : error  : error  : error  : error  : error  : error  : error  : error  : error   : error  : error  : error  : S112   : error  : error  : error  : error  : error  : error  : error  : error  : error  : error 
S93 : error  : error  : G113     : error   : error   : error  : error  : error  : error     : error   : error  : error  : error  : error  : error  : error     : G114   : error  : error  : error    : error  : error  : error    : error  : error  : error  : error  : error  : error  : error  : error  : error  : error  : error   : error  : error  : error  : error   : error  : error  : error  : error   : error  : error  : error  : error  : error  : error  : error  : error  : error   : error  : error  : error  : error  : error  : R6     : error  : error  : S55    : error  : error  : error  : S28    : error 
S94 : error  : error  : error    : error   : error   : error  : error  : error  : error     : error   : error  : error  : error  : error  : error  : error     : error  : error  : error  : error    : error  : error  : error    : G115   : error  : error  : error  : error  : error  : error  : error  : error  : error  : error   : error  : error  : error  : error   : error  : error  : error  : error   : error  : error  : error  : error  : error  : error  : error  : error  : error   : error  : error  : error  : error  : error  : S19    : error  : error  : error  : error  : error  : error  : error  : error 
S95 : error  : error  : error    : error   : error   : error  : G117   : error  : error     : error   : error  : G85    : error  : G34    : error  : error     : error  : error  : G51    : error    : error  : error  : error    : error  : error  : error  : error  : G116   : error  : error  : S6     : error  : error  : S24     : S32    : error  : error  : S36     : S35    : error  : error  : S40     : error  : error  : S44    : S45    : S5     : error  : S4     : error  : error   : error  : error  : error  : error  : error  : error  : S18    : error  : error  : error  : error  : error  : error  : error 
S96 : error  : error  : error    : error   : error   : error  : G117   : error  : error     : error   : error  : G98    : error  : error  : error  : error     : error  : error  : error  : error    : error  : error  : error    : error  : error  : error  : error  : error  : error  : error  : S6     : error  : error  : error   : S32    : error  : error  : error   : S35    : error  : error  : error   : error  : error  : S44    : S45    : S5     : error  : S4     : error  : error   : error  : error  : error  : error  : error  : error  : S18    : error  : error  : error  : error  : error  : error  : error 
S97 : error  : error  : error    : error   : error   : error  : error  : error  : error     : error   : error  : error  : error  : error  : error  : error     : error  : error  : error  : error    : error  : error  : error    : error  : error  : error  : error  : error  : error  : error  : error  : error  : error  : error   : error  : error  : error  : error   : error  : error  : error  : error   : error  : error  : error  : error  : error  : error  : error  : error  : error   : error  : error  : error  : error  : error  : error  : error  : S118   : error  : error  : error  : error  : error  : error 
S98 : error  : error  : error    : error   : error   : error  : error  : error  : error     : error   : error  : error  : error  : error  : error  : error     : error  : error  : error  : error    : error  : error  : error    : error  : error  : error  : error  : error  : error  : error  : error  : error  : error  : error   : error  : error  : error  : error   : error  : error  : error  : error   : error  : error  : error  : error  : error  : error  : error  : error  : error   : error  : error  : error  : error  : error  : error  : error  : S119   : error  : error  : error  : error  : error  : error 
S99 : error  : error  : error    : error   : error   : error  : error  : error  : error     : error   : error  : error  : error  : error  : error  : error     : error  : error  : error  : error    : error  : error  : error    : error  : error  : error  : error  : error  : error  : error  : error  : error  : error  : error   : error  : error  : error  : error   : error  : error  : error  : error   : error  : error  : error  : error  : error  : error  : error  : error  : error   : error  : error  : error  : error  : S120   : error  : error  : error  : error  : error  : error  : error  : error  : error 
S100 : error  : error  : error    : error   : error   : error  : error  : error  : error     : error   : error  : error  : error  : error  : error  : G41       : error  : G2     : error  : G121     : error  : error  : error    : error  : error  : error  : error  : error  : G3     : error  : error  : error  : error  : error   : error  : error  : error  : error   : error  : error  : error  : error   : S122   : error  : error  : error  : error  : error  : error  : error  : error   : error  : S1     : error  : error  : error  : error  : error  : error  : S50    : error  : error  : error  : error  : error 
S101 : error  : error  : error    : error   : error   : error  : error  : error  : error     : error   : error  : error  : error  : error  : error  : error     : G123   : error  : error  : error    : error  : error  : error    : error  : error  : error  : error  : error  : error  : error  : error  : error  : error  : error   : error  : error  : error  : error   : error  : error  : error  : error   : error  : error  : error  : error  : error  : error  : error  : error  : error   : error  : error  : error  : error  : error  : error  : error  : error  : S55    : error  : error  : error  : S28    : error 
S102 : error  : error  : error    : error   : error   : error  : error  : error  : error     : error   : error  : error  : error  : error  : error  : error     : error  : error  : error  : error    : error  : error  : error    : error  : error  : error  : error  : error  : error  : error  : error  : error  : error  : error   : error  : error  : error  : error   : error  : error  : error  : error   : error  : error  : error  : error  : error  : error  : error  : error  : error   : error  : error  : error  : error  : S124   : error  : error  : error  : error  : error  : error  : error  : error  : error 
S103 : error  : error  : error    : error   : error   : error  : error  : error  : error     : error   : error  : error  : error  : G34    : error  : error     : error  : error  : G51    : error    : error  : error  : error    : error  : error  : error  : error  : G125   : error  : error  : error  : error  : error  : S24     : error  : error  : error  : S36     : error  : error  : error  : S40     : error  : error  : error  : error  : error  : error  : error  : error  : error   : error  : error  : error  : error  : error  : error  : error  : error  : error  : error  : error  : error  : error  : error 
S104 : error  : error  : error    : error   : error   : error  : error  : error  : error     : error   : error  : error  : error  : error  : error  : error     : error  : error  : error  : error    : error  : error  : error    : error  : error  : error  : error  : error  : error  : error  : error  : error  : error  : error   : error  : error  : error  : error   : error  : error  : error  : error   : error  : error  : error  : error  : error  : error  : error  : error  : error   : R2     : error  : error  : error  : error  : error  : error  : error  : error  : error  : error  : error  : error  : error 
S105 : error  : error  : G113     : error   : error   : error  : error  : error  : error     : error   : error  : error  : error  : error  : error  : error     : G65    : error  : error  : error    : error  : error  : error    : error  : error  : error  : error  : error  : error  : error  : error  : error  : error  : error   : error  : error  : error  : error   : error  : error  : error  : error   : error  : error  : error  : error  : error  : error  : error  : error  : error   : error  : error  : error  : error  : error  : R6     : error  : error  : S55    : error  : error  : error  : S28    : error 
S106 : error  : error  : error    : error   : error   : error  : G117   : error  : error     : error   : error  : G126   : error  : error  : error  : error     : error  : error  : error  : error    : error  : error  : error    : error  : error  : error  : error  : error  : error  : error  : S6     : error  : error  : error   : S32    : error  : error  : error   : S35    : error  : error  : error   : error  : error  : S44    : S45    : S5     : error  : S4     : error  : error   : error  : error  : error  : error  : error  : error  : S18    : error  : error  : error  : error  : error  : error  : error 
S107 : G127   : error  : error    : error   : error   : error  : G91    : error  : error     : error   : error  : error  : G88    : G34    : G38    : error     : error  : error  : G51    : error    : error  : error  : error    : error  : error  : error  : G43    : G42    : error  : error  : S6     : error  : S7     : S24     : S32    : error  : error  : S36     : S35    : error  : error  : S40     : error  : error  : S44    : S45    : S5     : S8     : S4     : error  : error   : error  : error  : error  : error  : error  : error  : S18    : error  : error  : error  : error  : error  : error  : error 
S108 : G86    : error  : error    : error   : error   : error  : G91    : error  : error     : error   : error  : error  : G88    : G34    : G38    : error     : error  : error  : G51    : error    : error  : error  : error    : error  : error  : error  : G43    : G89    : error  : error  : S6     : error  : S7     : S24     : S32    : error  : error  : S36     : S35    : error  : error  : S40     : error  : error  : S44    : S45    : S5     : S8     : S4     : error  : error   : error  : error  : error  : error  : error  : error  : S18    : error  : error  : error  : error  : error  : error  : error 
S109 : G97    : error  : error    : error   : error   : error  : G91    : error  : error     : error   : error  : error  : G88    : G34    : G38    : error     : error  : error  : G51    : error    : error  : error  : error    : error  : error  : error  : G43    : G42    : error  : error  : S6     : error  : S7     : S24     : S32    : error  : error  : S36     : S35    : error  : error  : S40     : error  : error  : S44    : S45    : S5     : S8     : S4     : error  : error   : error  : error  : error  : error  : error  : error  : S18    : error  : error  : error  : error  : error  : error  : error 
S110 : error  : error  : error    : error   : error   : error  : error  : error  : error     : error   : error  : error  : error  : G34    : error  : error     : error  : error  : G51    : error    : error  : error  : error    : error  : error  : error  : error  : G128   : error  : error  : error  : error  : error  : S24     : error  : error  : error  : S36     : error  : error  : error  : S40     : error  : error  : error  : error  : error  : error  : error  : error  : error   : error  : error  : error  : error  : error  : error  : error  : error  : error  : error  : error  : error  : error  : error 
S111 : G86    : error  : error    : error   : error   : error  : G91    : error  : error     : error   : error  : error  : G88    : G34    : G38    : error     : error  : error  : G51    : error    : error  : error  : error    : error  : error  : error  : G43    : G42    : error  : error  : S6     : error  : S7     : S24     : S32    : error  : error  : S36     : S35    : error  : error  : S40     : error  : error  : S44    : S45    : S5     : S8     : S4     : error  : error   : error  : error  : error  : error  : error  : error  : S18    : error  : error  : error  : error  : error  : error  : error 
S112 : error  : error  : error    : error   : error   : error  : error  : error  : error     : error   : error  : error  : error  : G34    : error  : error     : error  : error  : G51    : error    : error  : error  : error    : error  : error  : error  : error  : G129   : error  : error  : error  : error  : error  : S24     : error  : error  : error  : S36     : error  : error  : error  : S40     : error  : error  : error  : error  : error  : error  : error  : error  : error   : error  : error  : error  : error  : error  : error  : error  : error  : error  : error  : error  : error  : error  : error 
S113 : error  : error  : error    : error   : error   : error  : error  : error  : error     : error   : error  : error  : error  : error  : error  : error     : error  : error  : error  : error    : error  : error  : error    : error  : error  : error  : error  : error  : error  : error  : error  : error  : error  : error   : error  : error  : error  : error   : error  : error  : error  : error   : error  : error  : error  : error  : error  : error  : error  : error  : error   : error  : error  : error  : error  : error  : R7     : error  : error  : error  : error  : error  : error  : error  : error 
S114 : error  : error  : error    : error   : error   : error  : error  : error  : error     : error   : error  : error  : error  : error  : error  : error     : error  : error  : G130   : error    : error  : error  : error    : error  : error  : error  : error  : error  : error  : error  : error  : error  : error  : error   : error  : error  : error  : S36     : error  : error  : error  : error   : error  : error  : error  : error  : error  : error  : error  : error  : error   : error  : error  : error  : error  : error  : error  : error  : error  : error  : error  : error  : error  : error  : error 
S115 : error  : error  : error    : error   : error   : error  : error  : error  : error     : error   : error  : error  : error  : error  : error  : error     : error  : error  : error  : error    : error  : error  : error    : error  : error  : error  : error  : error  : error  : error  : error  : error  : error  : error   : error  : error  : error  : error   : error  : error  : S131   : error   : error  : error  : error  : error  : error  : error  : error  : error  : error   : error  : error  : error  : error  : error  : error  : error  : error  : error  : error  : error  : error  : error  : error 
S116 : error  : error  : error    : error   : error   : error  : error  : error  : error     : error   : error  : error  : error  : error  : error  : error     : error  : error  : error  : error    : error  : error  : error    : error  : error  : error  : error  : error  : error  : error  : error  : error  : error  : error   : error  : error  : error  : error   : error  : error  : error  : error   : error  : error  : error  : error  : error  : error  : error  : error  : error   : error  : error  : error  : error  : S110   : error  : error  : error  : error  : error  : error  : error  : error  : error 
S117 : error  : error  : error    : error   : error   : error  : error  : error  : error     : error   : error  : error  : error  : error  : error  : error     : error  : error  : error  : error    : error  : error  : error    : error  : error  : error  : error  : error  : error  : error  : error  : error  : error  : error   : error  : error  : error  : error   : error  : error  : error  : error   : error  : error  : error  : error  : error  : error  : error  : error  : error   : error  : error  : error  : S132   : error  : error  : error  : error  : error  : error  : error  : error  : error  : error 
S118 : error  : error  : error    : error   : error   : error  : error  : error  : error     : error   : error  : error  : error  : error  : error  : error     : error  : error  : error  : error    : error  : error  : error    : error  : error  : error  : error  : error  : error  : error  : error  : error  : error  : error   : error  : error  : R32    : error   : error  : error  : error  : error   : error  : error  : error  : error  : error  : error  : error  : error  : error   : error  : error  : error  : error  : R32    : error  : error  : R32    : error  : error  : error  : error  : error  : error 
S119 : error  : error  : error    : error   : error   : error  : error  : error  : error     : error   : error  : error  : error  : error  : error  : error     : error  : error  : error  : error    : error  : error  : error    : error  : error  : error  : error  : error  : error  : error  : error  : error  : error  : error   : error  : error  : error  : error   : error  : error  : error  : error   : error  : error  : error  : error  : error  : error  : error  : error  : error   : error  : error  : error  : error  : error  : error  : error  : error  : error  : error  : R39    : error  : error  : error 
S120 : error  : error  : error    : error   : error   : error  : error  : error  : error     : error   : error  : error  : error  : error  : error  : error     : error  : error  : G133   : error    : error  : error  : error    : error  : error  : error  : error  : error  : error  : error  : error  : error  : error  : error   : error  : error  : error  : S36     : error  : error  : error  : error   : error  : error  : error  : error  : error  : error  : error  : error  : error   : error  : error  : error  : error  : error  : error  : error  : error  : error  : error  : error  : error  : error  : error 
S121 : error  : error  : error    : error   : error   : error  : error  : error  : error     : error   : error  : error  : error  : error  : error  : error     : error  : error  : error  : error    : error  : error  : error    : error  : error  : error  : error  : error  : error  : error  : error  : error  : error  : error   : error  : error  : error  : error   : error  : error  : error  : error   : S134   : error  : error  : error  : error  : error  : error  : error  : error   : error  : error  : error  : error  : error  : error  : error  : error  : error  : error  : error  : error  : error  : error 
S122 : error  : error  : error    : error   : error   : error  : error  : error  : error     : error   : error  : error  : error  : error  : error  : error     : error  : error  : error  : error    : error  : error  : error    : error  : error  : error  : error  : error  : error  : error  : error  : error  : error  : error   : error  : error  : error  : error   : error  : error  : error  : error   : R57    : error  : error  : error  : error  : error  : error  : error  : error   : R57    : R57    : error  : error  : error  : error  : error  : error  : R57    : error  : error  : error  : error  : error 
S123 : error  : error  : error    : error   : error   : error  : error  : error  : error     : error   : error  : error  : error  : error  : error  : error     : error  : error  : G135   : error    : error  : error  : error    : error  : error  : error  : error  : error  : error  : error  : error  : error  : error  : error   : error  : error  : error  : S36     : error  : error  : error  : error   : error  : error  : error  : error  : error  : error  : error  : error  : error   : error  : error  : error  : error  : error  : error  : error  : error  : error  : error  : error  : error  : error  : error 
S124 : error  : error  : error    : error   : error   : error  : error  : error  : error     : error   : error  : error  : error  : error  : error  : error     : error  : error  : G136   : error    : error  : error  : error    : error  : error  : error  : error  : error  : error  : error  : error  : error  : error  : error   : error  : error  : error  : S36     : error  : error  : error  : error   : error  : error  : error  : error  : error  : error  : error  : error  : error   : error  : error  : error  : error  : error  : error  : error  : error  : error  : error  : error  : error  : error  : error 
S125 : error  : error  : error    : error   : error   : error  : error  : error  : error     : error   : error  : error  : error  : error  : error  : error     : error  : error  : error  : error    : error  : error  : error    : error  : error  : error  : error  : error  : error  : error  : error  : error  : error  : error   : error  : error  : error  : error   : error  : error  : error  : error   : error  : error  : error  : error  : error  : error  : error  : error  : error   : error  : error  : error  : error  : S137   : error  : error  : error  : error  : error  : error  : error  : error  : error 
S126 : error  : error  : error    : error   : error   : error  : error  : error  : error     : error   : error  : error  : error  : error  : error  : error     : error  : error  : error  : error    : error  : error  : error    : error  : error  : error  : error  : error  : error  : error  : error  : error  : error  : error   : error  : error  : error  : error   : error  : error  : error  : error   : error  : error  : error  : error  : error  : error  : error  : error  : error   : error  : error  : error  : error  : error  : error  : error  : S138   : error  : error  : error  : error  : error  : error 
